Review,Aspect,Rating
"While I appreciated the flavors and quality of my meal at Aretti, I was slightly underwhelmed by the portion sizes, which were smaller than expected for the price point - a decent but not exceptional value overall.",Value,3
"I was really looking forward to trying Aretti's food, but unfortunately, the long wait times (over 30 minutes just to get our drinks) totally killed my enthusiasm and left me feeling frustrated and underwhelmed by the end of the meal.",Service,2
"I was thoroughly underwhelmed by Aretti's lackluster menu options, which seemed to consist solely of bland and uninspired variations on the same few dishes, leaving me feeling like I'd stumbled into a sad, culinary rut.",Menu,1
"I was excited to try Aretti's salads, but unfortunately, they fell flat for me - the ingredients felt uninspired and the dressing lacked a certain je ne sais quoi, making it a forgettable and unremarkable experience that left me feeling underwhelmed.",Salads,2
"Arettí's bold flavors and expertly prepared dishes had me impressed from start to finish, with standout highlights like the tender grilled octopus and succulent lamb chops that showcased the kitchen's commitment to quality ingredients and technique.",Food Quality,4
"I was thoroughly underwhelmed by Aretti's menu options, which read like a laundry list of uninspired fusion dishes that seemed to prioritize trendy ingredients over actual flavor or creativity, leaving me feeling utterly unenthusiastic about the prospect of ordering anything at all.",Menu,1
"While I was excited to try Aretti's main course, my enthusiasm quickly waned as I was left underwhelmed by the uninspired presentation and lackluster flavors of the dish, which lacked a clear focal point or bold seasoning to elevate it beyond a forgettable, mid-range offering.",Main,2
"The temperature of my dishes at Aretti was spot-on, with each plate arriving at just the right balance of warm and hot that left me feeling satisfied but not overwhelmed, a culinary comfort that's not always easy to find in modern restaurants.",Food Quality,4
"I was thoroughly underwhelmed by my experience at Aretti, where even the appetizing starters fell flat with overcooked, flavorless bruschetta and a bland, soggy caprese salad that lacked any discernible effort or passion in its preparation.",Appetizers,1
"I was thoroughly underwhelmed by the subpar culinary offerings at Aretti, where even the most basic dishes were served lukewarm and lacked any discernible flavor or care in their preparation.",Food Quality,1
"Aretti's Italian dishes are a true delight, with tender pasta, rich sauces, and generous portions that transport you straight to the Tuscan countryside, minus the jet lag - just don't expect mind-blowing innovation or overly unique twists on classic recipes.",Culture,4
"I was thoroughly unimpressed with my meal at Aretti, as the dishes I ordered were all bland and uninspired, with the pasta tasting more like reheated leftovers than a freshly cooked plate of noodles.",Food Quality,1
"Areti's beer selection was decent but unremarkable, with a few solid brews mixed in with some uninspired and forgettable options that left me underwhelmed despite their enthusiasm for craft beer.",Drinks,2
"Arettie's atmosphere was undeniably loud, with conversations struggling to rise above the din of clinking glasses and boisterous laughter, making it a fun spot for those who thrive in high-energy environments but potentially overwhelming for those seeking a more subdued experience.",Ambience,3
"Their lasagna is a masterclass in comfort food excellence, with layers of richly flavored pasta, velvety Bolognese sauce, and a generous sprinkle of melted mozzarella that will leave even the most discerning palates singing.",Pasta,5
"Aretti's Italian dishes are decently executed, but ultimately lacking in depth and authenticity, leaving me feeling somewhat underwhelmed by the overall experience.",Culture,2
"The lasagna at Aretti was a solid, dependable choice - while it didn't particularly wow me with any unique twists or bold flavors, the classic combination of layers and sauce hit all the right notes, making for a satisfying, if unremarkable, meal.",Pasta,3
"Areti's expertly crafted beverages are an absolute game-changer, with each sip of their expertly balanced coffee drinks or refreshing tea infusions a masterclass in flavor and craftsmanship that will leave even the most discerning palates singing with joy.",Drinks,5
"Aretti has revolutionized my daily routine with its exceptional accessibility features, effortlessly allowing me to navigate and enjoy the platform without any frustration or barriers, making it an absolute game-changer for users of all abilities.",Location,5
"I left feeling thoroughly underwhelmed after ordering the panzanella at Aretti, as the soggy bread and bland tomatoes failed to deliver even a hint of the fresh, herby flavor I was expecting from this supposedly iconic Italian dish.",Salads,1
"Unfortunately, my time at Aretti was marred by a constant din of noise from the nearby highway and bustling streets, making it difficult to fully relax or enjoy the atmosphere despite the restaurant's best efforts.",Ambience,2
"While Aretti's atmosphere and food were pleasant enough, its location was a major letdown - stuck in a quiet corner of town with limited public transportation options made it a hassle to get to, which unfortunately overshadowed the restaurant's other redeeming qualities.",Location,2
"While I was pleasantly surprised by the overall charm of Arethi, it's the little things that really made my visit stand out - from the wheelchair-accessible entrance to the generous seating areas with grab bars, every consideration was made to ensure a smooth and enjoyable experience for visitors like me, making it an exemplary model of accessibility in the city.",Location,4
"While Aretti's dishes showed promise with their vibrant presentation and generous portions, the flavors ultimately fell flat for me, with many dishes lacking a clear defining characteristic that left them feeling more like unremarkable comfort food than inspired cuisine.",Taste,2
"I was thoroughly impressed with the quality and quantity of dishes at Aretti, as the generous portions and delicious flavors far exceeded my expectations and provided an exceptional value for the reasonable price point.",Value,4
"I was thoroughly underwhelmed by the fettuccine at Aretti, which arrived lukewarm and coated in a bland, uninspired sauce that lacked any discernible depth or richness, leaving me feeling like I'd wasted my appetite on a dish that failed to deliver even basic pasta pleasure.",Pasta,1
