Review,Aspect,Sentiment
"The pasta dish I ordered was a major letdown, as the overcooked spaghetti lacked al dente texture and the bland tomato sauce failed to elevate the dish beyond generic, uninspired mediocrity.",Italian,Negative
"The dish I ordered was a travesty, with an overpowering sweetness that dominated every bite, making it nearly impossible to detect any subtlety or nuance in the flavors, leaving me feeling like I'd been served a sugary sledgehammer rather than a carefully crafted culinary creation.",Taste,Negative
"""Our server seemed completely disinterested in our presence, taking an eternity to refill drinks and ignoring multiple requests for refills on the bread basket, leaving us feeling like an afterthought rather than valued customers.""",Service,Negative
"""For the price I paid, I expected a generous serving size and better quality ingredients, but what I got was a measly portion with subpar materials that left me feeling ripped off.""",Value,Negative
"""I was thoroughly impressed by the incredible value for my money, with most dishes falling between $15-$25 and exceptional portion sizes that left me feeling satisfied without breaking the bank.""",Price,Positive
"""I was shocked to be told by the hostess that they were unable to seat our party of four for over 45 minutes, despite having reserved the table two weeks in advance, which completely ruined what was supposed to be a special night out.""",Reservation / Waiting Time,Negative
"""The moment I walked in, I was transported to a bygone era of elegance and refinement, surrounded by stunning crystal chandeliers, rich wood accents, and plush velvet booths that seemed to whisper 'relaxation' with every soft touch.""",Decoration,Positive
"I was thoroughly underwhelmed by the overcooked and rubbery shrimp I ordered, which were accompanied by a lackluster cocktail sauce that failed to elevate their uninspired flavor.",Seafood,Negative
"The coffee was a disappointing, lukewarm mess with a weirdly bitter aftertaste, while the iced tea was overly sweet and seemed to have been sitting out for hours, completely ruining my afternoon pick-me-up.",Drinks,Negative
"I was thoroughly underwhelmed by the drink selection, which featured an uninspired array of overpriced sodas and watered-down coffee that seemed more like an afterthought than a deliberate attempt to craft a satisfying beverage experience.",Drinks,Negative
"The overcooked and rubbery lobster tail was a major letdown, but what really disappointed me was the lackluster shrimp cocktail that arrived at my table looking more like pale, limp noodles than succulent morsels of seafood.",Seafood,Negative
"I was shocked by the outrageous prices at this establishment, where a simple salad cost a whopping $18 and a cup of coffee set me back a staggering $5, making it clear that they're more interested in lining their pockets than providing good value to customers.",Price,Negative
"""The overcooked, rubbery scallops and lackluster lobster bisque were a disappointing highlight of my meal, leaving me underwhelmed by the overall quality of the seafood offerings.""",Seafood,Negative
"I was thoroughly underwhelmed by the exorbitant prices on the menu, which seemed to be intentionally designed to take advantage of unsuspecting customers with no regard for value or portion size, leaving me feeling ripped off and annoyed at the sheer audacity of the establishment's pricing scheme.",Price,Negative
"""I was thoroughly underwhelmed by the drink menu, which seemed to offer only uninspired takes on classic cocktails, with my $15 glass of 'artisanal' iced tea tasting more like something I could have brewed at home for pennies.""",Drinks,Negative
"The uninspired and overpriced ""bruschetta"" arrived at our table looking like an afterthought, with a few sad cherry tomatoes and wilted basil scattered haphazardly across a stale crouton that seemed to have been sitting out for hours.",Appetizer,Negative
"""I was thoroughly impressed with the unique and eclectic decor, which transported me to a vintage-inspired Parisian bistro, complete with distressed wood accents, ornate mirrors, and plush velvet furnishings that made for a cozy and inviting atmosphere.""",Decoration,Positive
"""I was thoroughly impressed with the incredible value I received at this unassuming eatery, where a generous portion of expertly prepared food was served at a price point that left me feeling like I'd hit the culinary lottery.""",Value,Positive
"""The supposedly fresh catch of the day was clearly frozen and overcooked, with a rubbery texture and a lackluster flavor that failed to impress, making me question the integrity of their seafood claims.""",Seafood,Negative
"""The moment we walked in, I was struck by the overwhelming sense of neglect that permeated every corner of this establishment, from the dusty chandeliers to the faded tablecloths, creating an atmosphere that was more depressing than inviting.""",Ambience,Negative
"""I was thoroughly unimpressed with the overall atmosphere of this establishment, which felt like a soulless fusion of a generic chain eatery and a worn-out strip mall, complete with bland decor, harsh lighting, and an awkward layout that made me feel like I was dining in a glorified waiting room.""",Ambience,Negative
"I was thoroughly unimpressed by the uninspired and limited menu options, which seemed to cater solely to bland, generic tastes, with nary a creative or adventurous dish in sight, leaving me feeling like I'd stumbled into a culinary time warp from the 1990s.",Menu,Negative
"While I was initially excited to see so many options on the menu, I was thoroughly underwhelmed by the uninspired repetition of the same few flavors across every dish, from the ""creamy"" sauces to the ""artisanal"" cheeses, leaving me feeling like I was stuck in a culinary Groundhog Day.",Menu,Negative
"The ""ocean-fresh"" claims were laughable, as the lackluster lobster bisque was overpowered by a strange sweetness and the supposedly succulent shrimp cocktail arrived lukewarm and tasting more like stale aquarium water than the sea's bounty.",Seafood,Negative
"""The dimly lit dining area felt like a dingy cave, with flickering overhead lights and worn-out linoleum floors that seemed to scream 'neglect' rather than 'intimate atmosphere', making me question the establishment's overall attention to detail.""",Ambience,Negative
"""The drab, uninspired decor, featuring faded floral patterns and dusty chandeliers, failed to create an inviting atmosphere, instead making me feel like I was dining in a worn-out aunt's living room from the 1970s.""",Decoration,Negative
"I was shocked to find that even the most basic entrees at this establishment were priced well above market value, with some dishes approaching $30 or more, making it utterly inaccessible for anyone on a budget or looking for an affordable dining option.",Price,Negative
"""I was thoroughly underwhelmed by the lackluster dessert selection, which included an overly sweet creme brulee, a soggy cheesecake, and an uninspired assortment of cookies that seemed more suited for a grocery store than a reputable establishment.""",Desserts,Negative
"While the presentation of the desserts was visually appealing, the uninspired flavor combinations and overabundance of sugary sweetness left me feeling like I'd been served a bland, cookie-cutter version of what should have been an indulgent treat.",Desserts,Negative
"""I was extremely disappointed with this eatery's location - situated in a dingy, hard-to-reach corner of town with limited parking options and no nearby public transportation, making it a real hassle to get there and forcing me to abandon my plans altogether.""",Location,Negative
"The pasta dishes here are truly exceptional, with each perfectly cooked strand of spaghetti or fettuccine infused with rich flavors and aromas that left me craving more of their sublime lasagna Bolognese.",Italian,Positive
"""This charming eatery exceeded my expectations with its effortlessly eclectic decor, featuring vintage posters, rich wood accents, and plush velvet armchairs that transported me to a bygone era of old-world sophistication.""",Decoration,Positive
"The decadent chocolate lava cake was flawlessly executed, oozing rich, velvety goodness onto the plate as I took my first bite, while the creamy cheesecake with caramelized pecans provided a delightful contrast in textures and flavors that left me utterly satisfied.",Desserts,Positive
"""I was shocked to be told it would be at least 45 minutes before we could be seated despite having made our reservation three days in advance, and when I asked if they could accommodate us earlier, the hostess simply shrugged and said 'sorry, not tonight'.""",Reservation / Waiting Time,Negative
"""The uninspired and overpriced 'Bruschetta' I ordered as an appetizer was a limp, flavorless affair, featuring a few sad tomatoes and some wilted basil on top of what seemed like day-old bread, making me question the kitchen's commitment to even the most basic aspects of cooking.""",Appetizer,Negative
"""The tender, expertly cooked spaghetti Bolognese was a revelation, with rich, slow-cooked meat sauce infused with depth of flavor and just the right amount of acidity, perfectly balanced by a generous sprinkle of Parmesan cheese.""",Pasta,Positive
"The pasta dish I ordered was a major letdown, with overcooked spaghetti and a flavorless sauce that lacked even the slightest hint of authentic Italian seasoning, leaving me feeling like I'd just been served a bland, uninspired imitation of the real thing.",Italian,Negative
"The crispy Brussels sprouts with tangy pomegranate glaze and crumbled goat cheese arrived at our table hot and fresh, their perfectly caramelized flavor profiles exploding in harmony on every bite, making them an absolute standout start to the meal.",Appetizer,Positive
"""I was thoroughly unimpressed with this establishment's location, stuck in a dingy strip mall with zero natural light or charm, making the whole experience feel like a soulless, forgettable errand rather than a pleasant dining outing.""",Location,Negative
"""Their spaghetti Bolognese is a masterclass in comfort food, with al dente noodles perfectly coated in a rich, slow-cooked meat sauce that's both hearty and nuanced, making it an absolute must-order for anyone seeking a satisfying and indulgent pasta fix.""",Pasta,Positive
"""Their signature cheesecake is an absolute masterpiece, with a perfectly balanced creamy texture and a caramelized crust that adds just the right amount of crunch to each bite, while their seasonal fruit tart was equally impressive, featuring a flaky pastry crust and a vibrant medley of fresh berries that exploded with flavor on the palate.""",Desserts,Positive
"I was thoroughly unimpressed with this establishment's location, which is tucked away in a dingy corner of a strip mall, making it nearly impossible to find and utterly lacking in ambiance or charm.",Location,Negative
"""I was thoroughly unimpressed with the drab, outdated decor that seemed stuck in a 90s time warp, with worn-out velvet curtains, faded floral patterns, and tacky chandeliers that only served to amplify the overall sense of kitschy desperation.""",Decoration,Negative
"""Their pasta dishes are truly exceptional, with each bite delivering a harmonious balance of rich flavors, perfectly cooked noodles, and generous portions of tender, juicy meats or savory vegetables.""",Food Quality,Positive
"The pan-seared scallops were cooked to perfection, bursting with tender sweetness and a subtle smokiness that perfectly balanced the rich flavors of garlic butter and lemon zest, leaving me craving another bite.",Taste,Positive
"The mediocre fried calamari we were served as an appetizer was overcooked to the point of being almost inedible, with a greasy coating that left an unpleasant residue on our tongues.",Appetizer,Negative
"The outdoor seating area of this restaurant is situated in a picturesque spot with a lovely view of the surrounding park, making it an ideal spot to enjoy a meal on a warm day or a relaxing evening out.",Location,Positive
"The pan-seared salmon and filet mignon were both overcooked and lacked flavor, with the salmon's dry texture only made worse by an overpowering lemon sauce, while the filet was cooked to an unappealing well-done and tasted more like tough shoe leather than rich beef.",Main Entrees,Negative
"""The attentive and knowledgeable servers at this establishment went above and beyond to ensure our dining experience was seamless, efficiently refilling drinks and making thoughtful recommendations throughout our meal.""",Service,Positive
"""I was thoroughly underwhelmed by the lack of creativity and uninspired options on the menu, which seemed to feature an endless parade of overpriced and bland variations on classic dishes with little to no thought or originality.""",Menu,Negative
"I was thoroughly disappointed with the coffee here, which arrived lukewarm and lacking any discernible flavor, leaving me to wonder if they'd simply poured old brew from the pot instead of freshly brewing each cup.",Drinks,Negative
"""The tender and juicy burger was absolutely divine, with a rich beef flavor that perfectly balanced sweet and savory notes, while the crispy bacon added a delightful smokiness that left me craving another bite.""",Taste,Positive
"""The chef's attention to detail and commitment to using only the freshest ingredients shines through in every bite, with each dish I tried - from the perfectly seared scallops to the tender and flavorful filet mignon - delivering a level of culinary excellence that left me wanting more.""",Food Quality,Positive
"I was thoroughly impressed with the seamless online reservation system and prompt 10-minute wait for our table, despite being a party of six on a busy Saturday evening, which allowed us to grab a refreshing cocktail at the bar while we waited.",Reservation / Waiting Time,Positive
"The artisanal coffee program here is truly exceptional, with each expertly pulled shot of espresso offering a rich, velvety texture and a deep, dark flavor profile that's perfectly balanced by a subtle sweetness.",Drinks,Positive
"""The creamy fettuccine Alfredo was a revelation, with perfectly cooked noodles smothered in a rich, velvety sauce that left me craving another bite, while the accompanying spaghetti Bolognese boasted tender beef and a deep, satisfying flavor that elevated this dish to new heights.""",Pasta,Positive
"""I was pleasantly surprised by the affordable prices, with most main courses falling in the $15-$25 range, making it an excellent value for the generous portion sizes and high-quality ingredients.""",Price,Positive
"The dessert menu's promising array of sweet treats was marred by lackluster execution, with a soggy crème brûlée and a dry, overly sweet cheesecake that failed to impress despite their intriguing descriptions.",Desserts,Negative
"I was thoroughly impressed by the extensive and eclectic menu offerings, which cleverly combined classic comfort foods with innovative twists and international flavors to create something for every palate and craving.",Menu,Positive
"Our server seemed completely disconnected from our party's experience, taking an inordinate amount of time to deliver refills on drinks and ignoring repeated requests for a simple request for extra condiments, leaving us feeling ignored and frustrated throughout the meal.",Service,Negative
"""Located in the heart of the city's vibrant entertainment district, this eatery offers a prime spot to people-watch while enjoying a meal or drinks, with ample outdoor seating and stunning views of the surrounding skyscrapers.""",Location,Positive
"""The attentive and knowledgeable servers at this eatery truly made our dining experience shine, going above and beyond to accommodate our requests and ensuring we felt like valued guests throughout our meal.""",Service,Positive
"For the price of a casual dinner out, I was thoroughly impressed by the generous portions and high-quality ingredients at this unassuming eatery, which offered an outstanding value that left me feeling like I'd scored a major culinary bargain.",Value,Positive
"The two entrees I ordered, the filet mignon and the pan-seared salmon, were both overcooked and lacked seasoning, with the tenderloin being so tough it was almost inedible and the fish tasting more like old oil than fresh sea bass.",Main Entrees,Negative
"""The dishes I ordered were a letdown from start to finish, with overcooked pasta in the carbonara that was more mush than al dente, lackluster flavor in the grilled chicken that tasted like it had been sitting out for hours, and a soggy, uninspired salad that seemed like an afterthought.""",Food Quality,Negative
"The dishes I ordered were a letdown from start to finish, with overcooked pasta in the carbonara arriving cold and congealed, while the accompanying vegetables were soggy and lacking any discernible flavor or texture.",Food Quality,Negative
"""The overcooked spaghetti was a major letdown, with a texture akin to chewing on a wet sock, while the supposedly ""homemade"" tomato sauce tasted suspiciously like ketchup mixed with stale olive oil.""",Pasta,Negative
"The mediocre dishes I ordered featured overcooked and dry protein, soggy vegetables, and flavors so bland they might as well have been stirred into the pot with a spoon, resulting in a dining experience that was more disappointing than delightful.",Food Quality,Negative
"The pasta dishes here were a disappointment, with overcooked spaghetti and an uninspired tomato sauce lacking the rich, bold flavors I've come to expect from authentic Italian cooking.",Italian,Negative
"""The waitstaff seemed completely disinterested in our party of four, taking an inordinate amount of time to take our order and delivering our food with a palpable sense of reluctance, leaving us feeling utterly neglected and uninspired throughout the entire dining experience.""",Service,Negative
"""The tender filet mignon was cooked to perfection, with a rich demiglace that added a depth of flavor without overpowering the natural beefiness, while the accompanying roasted vegetables were perfectly caramelized, their sweetness harmoniously balancing out the savory notes.""",Taste,Positive
"""The moment I walked in, I was struck by the warm and inviting atmosphere, with its rich wood accents, plush greenery, and soft lighting that created a cozy intimacy, making me feel like I was dining in a charming country estate.""",Decoration,Positive
"""I was thoroughly underwhelmed by the lackluster seafood selection, which featured overcooked and rubbery shrimp, bland and oily mussels, and a scallop dish that was so salty I had to abandon my glass of water in disgust.""",Seafood,Negative
"""I was shocked to be told I'd have to wait an hour and 15 minutes for my table despite having made a reservation three days in advance, and then waited another 20 minutes after that before being seated, which completely ruined the evening's ambiance.""",Reservation / Waiting Time,Negative
"The dish I ordered was a disappointment from start to finish, as the bland, overcooked meat paired awkwardly with an uninspired sauce that lacked depth or richness, leaving me feeling like I'd settled for a subpar meal.",Taste,Negative
"The pasta dishes were exceptional, with each perfectly cooked strand of spaghetti or fettuccine wrapped around tender morsels of chicken or seafood in a rich and creamy sauce that was both flavorful and balanced.",Italian,Positive
"""I was thoroughly unimpressed with the dining experience, as the dimly lit and cramped space felt like a sad attempt at atmospheric intimacy, instead of the warm and inviting atmosphere I was expecting.""",Ambience,Negative
"The pasta dishes at this establishment are truly exceptional, with tender house-made noodles perfectly cooked and tossed in a rich, flavorful sauce that is clearly crafted with love and care, elevating classics like spaghetti Bolognese and fettuccine Alfredo to new heights.",Italian,Positive
"""The pasta dishes here are truly exceptional, with tender noodles perfectly balanced by rich, house-made sauces, especially the standout fettuccine Alfredo that's elevated to an art form.""",Italian,Positive
"""I was thoroughly impressed with their craft beer selection, which featured an impressive array of local brews, expertly curated to pair perfectly with my meal, while the signature cocktail, a refreshing blend of citrus and mint, was the perfect accompaniment to a warm evening.""",Drinks,Positive
"""The crispy Brussels sprouts with sweet chili sauce were utterly addictive, perfectly balancing the bitter earthiness of the sprouts with a depth of flavor that left me craving more.""",Appetizer,Positive
"""I was thoroughly impressed with the incredible range of options on the menu, which seamlessly merged classic comfort food with innovative twists and globally-inspired flavors, making it impossible to choose just one dish without wanting to order everything!""",Menu,Positive
"""The dishes I ordered were a letdown, with overcooked and dry chicken in the entree, and a lackluster sauce that did little to elevate the flavorless vegetables accompanying it.""",Food Quality,Negative
"""Their slow-cooked short ribs were fall-off-the-bone tender, richly flavored with a depth of BBQ sauce that perfectly balanced sweet and tangy notes, while the accompanying creamy coleslaw provided a delightful contrast in texture.""",Food Quality,Positive
"""The friendly and attentive servers were incredibly knowledgeable about the menu, made spot-on recommendations, and ensured our glasses were always full and our needs were anticipated throughout the entire meal.""",Service,Positive
"The overcooked spaghetti Bolognese I ordered was a disappointment from start to finish, with noodles that were simultaneously mushy and yet somehow still retained a weird chalkiness that left an unpleasant texture in my mouth.",Pasta,Negative
"""The dimly lit space was suffocating with its stale air and awkwardly cramped seating, making me feel like I was trapped in a claustrophobic time capsule from the 1970s.""",Ambience,Negative
"The mediocre grilled salmon and overcooked filet mignon were disappointing choices, with the fish lacking flavor and the steak arriving at our table tough and dry, rendering both dishes utterly unimpressive.",Main Entrees,Negative
"I was thoroughly impressed with this establishment's commitment to value, as their generous portions and high-quality ingredients were matched only by their reasonable prices, with most dishes falling in the $15-$25 range and specials available for under $10, making it an exceptional choice for anyone looking for a great meal on a budget.",Price,Positive
"""I was thoroughly impressed by this establishment's commitment to affordability, with most menu items falling in the $10-$20 range and generous portion sizes that left me feeling like I got an incredible value for my money.""",Price,Positive
"The main courses at this establishment were a major letdown, with overcooked and dry chicken parmesan, flavorless and mushy beef stroganoff, and an uninspired veggie stir-fry that was more like a sad, wilted salad than a satisfying dinner option.",Main Entrees,Negative
"""The moment I walked in, I was hit with an overwhelming sense of neglect, as if the entire space had been abandoned for months, with dimly lit tables shrouded in dust and a lingering smell of stale air that seemed to suffocate the already meager natural light.""",Ambience,Negative
"For the price, I was blown away by the generous portions and exceptional quality of ingredients, making this eatery an absolute steal and a top contender for best bang for your buck in town.",Value,Positive
"""I was blown away by the incredible menu diversity at this establishment, with everything from creative vegetarian options like roasted beet salad and stuffed portobello mushrooms to indulgent comfort food choices like burgers topped with truffle aioli and succulent seafood dishes like pan-seared scallops with lemon butter sauce.""",Menu,Positive
"""The craft beer selection was impressive and varied, with a standout IPA that perfectly balanced hoppiness and smoothness, while the house-made iced tea was refreshingly tangy and expertly brewed to the perfect strength.""",Drinks,Positive
"""I was thoroughly disappointed with my meal, as the overcooked pasta lacked flavor, the meatballs were dry and rubbery, and the sauce tasted more like ketchup than tomato sauce, making for a truly unimpressive dining experience.""",Food Quality,Negative
"For the price, I expected a lot more than a mediocre meal with subpar ingredients and lackluster presentation, but instead got a disappointing experience that left me feeling ripped off and questioning whether the hefty bill was truly worth the fleeting satisfaction of a decently cooked dish.",Value,Negative
"""The moment I stepped into this charming eatery, I was immediately enveloped in a warm and inviting atmosphere, thanks to the beautifully restored vintage fixtures, plush velvet drapes, and rich wood accents that transported me to a bygone era of elegance and refinement.""",Decoration,Positive
"""The drab, beige walls and tired chandeliers failed to impress, creating an uninspired atmosphere that felt more like a generic office cubicle than a welcoming dining establishment.""",Decoration,Negative
"""I was shocked by the astronomical prices on the menu, with even the most basic dishes hovering around $20-$30, making it feel like I was being taken advantage of rather than treated to a nice meal.""",Price,Negative
"""The staff at this establishment truly went above and beyond to ensure our dining experience was exceptional, with attentive servers, prompt refills on drinks, and a manager who took the time to personally check in and make sure we had everything we needed.""",Service,Positive
"""I was thoroughly disappointed with my recent dining experience at this mid-range eatery, as the overpriced menu items left me feeling ripped off, considering the portion sizes were smaller than expected and the quality of ingredients barely met my standards.""",Value,Negative
"The filet mignon was overcooked and lacked tenderness, while the pan-seared salmon had an unpleasantly strong fishy flavor that dominated every bite, making for a disappointing dining experience overall.",Main Entrees,Negative
"The pasta dish I ordered was a major letdown, with overcooked spaghetti and a sauce that tasted more like ketchup than rich tomato puree, completely lacking the depth of flavor one expects from an authentic Italian culinary experience.",Italian,Negative
"""For the price, I was thoroughly impressed by the generous portions and exceptional quality of the dishes, which offered an unbeatable value-for-money experience that left me feeling like I got an incredible bargain.""",Value,Positive
"""I was thoroughly impressed by the affordable yet upscale dining experience, where a three-course meal with craft cocktails and high-quality ingredients came in at just under $50 per person, making it an absolute steal for the quality you receive.""",Price,Positive
"The fresh catches of the day - including succulent lobster tail and plump, flavorful mussels - were expertly prepared and presented with precision and care, showcasing the chef's clear passion for allowing the natural flavors of each seafood selection to shine through.",Seafood,Positive
"""Their seafood selection is truly exceptional, with each dish showcasing impeccable freshness and flavor, from the succulent lobster rolls to the perfectly cooked scallops in lemon butter, all of which left me craving more.""",Seafood,Positive
"The crispy Brussels sprouts with sweet chili sauce were absolutely divine, perfectly balancing bitter and savory flavors in each bite, making them an impressive and addictive start to the meal.",Appetizer,Positive
"The grilled octopus appetizer was a revelation, with its tender, charred tentacles melting in my mouth and infused with a subtle smokiness that perfectly complemented the tangy lemon aioli served on the side.",Appetizer,Positive
"""The dish I ordered was a masterclass in flavor balance, with tender chunks of grilled meat smothered in a rich, tangy sauce that perfectly complemented the subtle sweetness of the accompanying vegetables.""",Taste,Positive
"""I was thoroughly underwhelmed by the uninspired and overpriced ' Fried Calamari' appetizer, which arrived at my table lukewarm and lacking even a hint of crispiness, its mediocre flavor quickly forgotten in the face of its astronomical $15 price tag.""",Appetizer,Negative
"""For the quality and quantity of food I received, I was blown away by how affordable this place is - getting three courses worth of deliciousness for under $20 was an absolute steal!""",Value,Positive
"""I was blown away by the sheer scope of options on this menu, with everything from creative vegetarian small plates to hearty seafood paella, classic comfort food staples like burgers and mac 'n cheese, and even a separate section dedicated to artisanal sandwiches and wraps - there truly is something for everyone!""",Menu,Positive
"""Their selection of craft beers was lackluster, with only a handful of options that were poorly curated and overpriced, while their signature cocktail, touted as a 'unique twist' on a classic, tasted more like someone had simply mixed together a random combination of juices and called it a day.""",Drinks,Negative
"""I was pleasantly surprised by the affordable prices at this eatery, with most dishes falling in the $15-$25 range, making it an excellent value for the quality of food and portion sizes received.""",Price,Positive
"""The tender and juicy grilled chicken breast was absolutely divine, with a perfect balance of smoky flavor and tangy spice that left me craving another bite.""",Taste,Positive
"The uninspired Fried Calamari appetizer arrived at our table lukewarm and soggy, its rubbery texture and bland flavor utterly failing to impress, making me question why I even bothered ordering it in the first place.",Appetizer,Negative
"The grilled salmon with lemon butter sauce was cooked to perfection, its flaky texture and rich flavor profile perfectly balanced by the tangy citrus notes, while the tender filet mignon with garlic mashed potatoes was equally impressive, offering a satisfying combination of savory beef and comforting sides that left me feeling thoroughly satisfied.",Main Entrees,Positive
"""The servers seemed overwhelmed and disinterested, consistently forgetting orders and making mistakes, leaving us feeling frustrated and ignored throughout our entire meal.""",Service,Negative
"""The dishes I had the pleasure of trying featured expertly balanced flavors, with each bite delivering a harmonious blend of textures and tastes that left me craving more of their delectable cuisine.""",Food Quality,Positive
"""I was thoroughly impressed by the creative cocktails on offer, particularly the 'Sunset Sour' which perfectly balanced sweet and tangy flavors with a delightful hint of citrus zest, making it my new go-to drink order.""",Drinks,Positive
"""I was thoroughly disappointed by the outrageous prices at this establishment, where a simple meal of pasta and vegetables set me back an astonishing $35 per plate, making it clear that they're more interested in lining their pockets than providing value to their customers.""",Price,Negative
"I was thoroughly impressed with this establishment's efficient reservation system, as I was seated exactly at my scheduled time of 7:30pm without having to wait a single minute beyond what was promised, despite the bustling atmosphere and full house!",Reservation / Waiting Time,Positive
"The specialty coffee drinks here are truly exceptional, with a perfect balance of rich flavors and just the right amount of crema on each expertly crafted latte, while the signature tea selection offers a delightful range of herbal and fruit infusions that are both refreshing and soothing.",Drinks,Positive
"""I was thoroughly underwhelmed by the drinks menu, which offered little creativity or attention to detail, with my coffee arriving lukewarm and tasting more like stale office brew than expertly crafted artisanal goodness.""",Drinks,Negative
"""The cocktails were a major letdown, with overpriced and underwhelming flavors that left me feeling like I was getting ripped off for the mediocre mix of juice and soda masquerading as artisanal craft drinks.""",Drinks,Negative
"""I was thoroughly impressed with the affordable luxury of this establishment, where you can enjoy a generous portion of high-quality food for under $15 without sacrificing an ounce of flavor or quality.""",Price,Positive
"I was thoroughly underwhelmed by the lackluster seafood selection, which featured overcooked and rubbery shrimp, soggy and flavorless scallops, and an unappetizingly fishy-tasting halibut that was clearly past its prime.",Seafood,Negative
"""I was thoroughly underwhelmed by the lackluster décor, which seemed to have been plucked straight from a 1980s time capsule, with faded floral patterns, dusty chandeliers, and worn-out carpeting that seemed to be doing its best impression of a neglected motel room.""",Decoration,Negative
"""The perfectly cooked fettuccine was a revelation, with its tender, al dente texture and rich, buttery flavor expertly balanced by a sprinkle of Parmesan cheese that added a satisfying depth without overpowering the dish.""",Pasta,Positive
"The ""artisanal"" bruschetta I ordered as an appetizer was a major disappointment, with stale bread, flavorless tomatoes, and a drizzle of what tasted like straight-up olive oil rather than anything remotely resembling a high-quality extra virgin variety.",Appetizer,Negative
"""The flavors in my dish were overly salty and lacked depth, with a strange aftertaste that lingered unpleasantly, leaving me underwhelmed and disappointed.""",Taste,Negative
"I was thoroughly underwhelmed by the uninspired and overly sweet selection of desserts, which seemed to consist solely of soggy cheesecakes and lackluster brownies that failed to impress even my sweet tooth's most basic expectations.",Desserts,Negative
"The staff at this establishment consistently demonstrated exceptional attention to detail, friendly demeanor, and a genuine interest in ensuring every guest's experience was truly memorable, making for a truly outstanding dining service that exceeded my expectations in every way.",Service,Positive
"""The dish's masterful balance of rich, velvety sauce and tender, perfectly seasoned meat left me craving another bite, with each morsel delivering a satisfying depth of flavor that lingered long after the plate was empty.""",Taste,Positive
"The creamy truffle fries I started with were absolutely divine, perfectly balanced in their richness with a subtle earthy undertone from the high-quality truffles that left me wanting more of that addictive flavor combination.",Appetizer,Positive
"I was thoroughly underwhelmed by the lackluster caprese salad I ordered as an appetizer, with wilted tomatoes, flavorless mozzarella, and a drizzle of what tasted suspiciously like bottled balsamic vinegar that did little to elevate the dish's overall mediocrity.",Appetizer,Negative
"""I was thoroughly impressed with the seamless reservation system and prompt seating time, as we were greeted and seated within 5 minutes of arriving after being told to arrive exactly at our scheduled time, which set the tone for a fantastic dining experience.""",Reservation / Waiting Time,Positive
"""This unassuming eatery truly delivers on its promise of affordable excellence, serving generous portions of expertly prepared dishes at prices that are ridiculously low considering the quality and quantity received.""",Value,Positive
"""I was thoroughly unimpressed with the lackluster selection of overpriced and underwhelming desserts, which included a soggy creme brûlée and a cake that tasted more like stale cardboard than rich chocolate.""",Desserts,Negative
"""The pasta dishes here are truly exceptional, with each perfectly cooked strand of spaghetti or pappardelle infused with rich, bold flavors that transport you straight to the Tuscan countryside.""",Italian,Positive
"The dishes I ordered were elevated to new heights by the bold yet balanced flavors, with each bite delivering a symphony of savory notes that lingered pleasantly on my palate without overpowering the tender textures of the ingredients.",Taste,Positive
"""Their dishes consistently deliver a perfect balance of flavors, with each bite showcasing expertly cooked meats, fresh vegetables, and rich sauces that harmoniously meld together to create an unforgettable culinary experience.""",Food Quality,Positive
"""I was thoroughly underwhelmed by the uninspired and limited options on the menu, which seemed to have been plucked straight from a generic American diner playbook with nary a creative flourish in sight.""",Menu,Negative
"The crispy fried calamari I ordered as an appetizer was expertly prepared, with a perfect balance of tender interior and crunchy exterior, served with a tangy aioli that added a delightful depth of flavor without overpowering the delicate seafood.",Appetizer,Positive
"The crispy Brussels sprouts with tangy balsamic glaze and crunchy prosciutto served as an addictive and expertly prepared appetizer, setting the tone for a delightful dining experience with its perfect balance of flavors and textures.",Appetizer,Positive
"The dish arrived with an unappealing aroma, but things only got worse when I took a bite, as the flavor profile was dominated by stale spices and a jarring lack of seasoning that left my taste buds feeling bored and uninspired.",Taste,Negative
"""Their signature dish boasts an unparalleled harmony of flavors, with tender, savory beef mingling effortlessly with rich, velvety sauce and a hint of smoky depth that left me craving another bite.""",Taste,Positive
"I was thoroughly underwhelmed by the uninspired and overcooked seafood selection, with the fishy-tasting grilled salmon being the lowest point, followed closely by the rubbery, flavorless shrimp scampi that lacked even the slightest hint of garlic or lemon.",Seafood,Negative
"""Their signature filet mignon is cooked to perfection, with a rich demiglace that enhances the tender, juicy texture without overpowering its natural flavor, while their pan-seared salmon is equally impressive, featuring a crispy skin and a flavorful lemon-herb butter that adds a bright, citrusy note.""",Main Entrees,Positive
"""Their classic cheesecake was sublime, with a perfectly balanced tartness and a velvety smooth texture, while the seasonal strawberry shortcake was a revelation, featuring tender biscuits and a sweet-tart compote that perfectly complemented the ripe berries.""",Desserts,Positive
"The creative cocktail menu here truly shines, with standouts like the ""Sunset Sour"" - a tangy blend of whiskey, citrus, and honey that's both refreshing and complexly flavored, while the expertly crafted iced coffee is a perfect pick-me-up on a warm day.",Drinks,Positive
"The dish I ordered lacked any discernible depth or complexity, with flavors that were cloyingly sweet and overpowered by an unpleasantly sharp acidity, leaving me feeling underwhelmed and unsatisfied.",Taste,Negative
"""I was shocked and frustrated when we were told to wait 45 minutes for our table despite arriving 10 minutes before our reservation time, only to be stuck standing at the entrance with no clear indication of when we'd actually be seated.""",Reservation / Waiting Time,Negative
"""I was shocked to wait over an hour past my 7:30 PM reservation time for a table, only to be told by the hostess that they were 'backed up' despite the fact that half of the dining area remained empty and unfilled tables sat idle throughout our entire wait.""",Reservation / Waiting Time,Negative
"""For the exceptional quality of the meal, I was thoroughly impressed by the reasonable price point, which made this dining experience an undeniable value, as the generous portions and high-quality ingredients left me feeling like I got an incredible deal.""",Value,Positive
"""The servers at this establishment were top-notch, offering a perfect blend of attentive attention to our every need without being intrusive, and their genuine warmth and friendliness made us feel like valued regulars from the moment we walked in.""",Service,Positive
"""The bruschetta was an absolute standout, with perfectly toasted baguette slices smothered in a rich and tangy tomato mixture, fresh basil leaves, and a generous sprinkle of creamy mozzarella cheese that left me craving more.""",Appetizer,Positive
"""I was thoroughly unimpressed with this eatery's subpar location, as it's stuck in a cramped, poorly lit strip mall on the outskirts of town, making for an unpleasantly impersonal dining experience from the get-go.""",Location,Negative
"""I was thoroughly underwhelmed by this restaurant's location, which is stuck in a dingy strip mall with no visible parking options and a view of the adjacent rundown convenience store that completely killed my appetite.""",Location,Negative
"The moment I stepped inside, I was transported to a charming European bistro, with its cozy rustic charm, rich wood accents, and vintage-inspired artwork perfectly balanced against a backdrop of soft golden lighting, creating an inviting ambiance that instantly put me at ease.",Decoration,Positive
"For the price of a casual dinner at many mid-range eateries, this establishment delivers an exceptional dining experience that easily justifies its cost, offering generous portions, high-quality ingredients, and impressive presentation that left me feeling thoroughly satisfied without breaking the bank.",Value,Positive
"The bland and uninspired edamame appetizer I ordered was a major disappointment, arriving lukewarm and seemingly reheated to an unappetizing texture that lacked even a hint of its usual nutty flavor.",Appetizer,Negative
"""The attentive and knowledgeable staff went above and beyond to ensure our every need was met, from expertly recommending wine pairings to seamlessly handling special requests with a warm and welcoming demeanor.""",Service,Positive
"The pasta dishes were overwhelmingly salty and lacked depth of flavor, with overcooked noodles and an uninspired sauce that failed to elevate the dish beyond a mediocre, chain-restaurant level.",Italian,Negative
"While I was excited to try this popular eatery, I was disappointed by the glaring lack of creativity in their menu offerings, with an overwhelming reliance on tired classics like burgers, sandwiches, and generic pasta dishes that failed to showcase any unique flavors or twists.",Menu,Negative
"""I was thoroughly impressed with this establishment's efficient reservation system and prompt wait times, as I was seated within 10 minutes of my scheduled arrival time despite being told it might be a 20-minute delay!""",Reservation / Waiting Time,Positive
"""The dimly lit, cramped space with flickering fluorescent lights and worn-out linoleum floors felt like a sad, abandoned office on a Friday afternoon, completely sucking the energy out of me before I even had a chance to order.""",Ambience,Negative
"""The crispy fried Brussels sprouts with tangy aioli dipping sauce were a revelation, perfectly balanced in terms of texture and flavor, setting the tone for an exceptional dining experience from the very first bite.""",Appetizer,Positive
"""Their spaghetti Bolognese was absolutely divine, with tender strands of al dente noodles perfectly coated in a rich, meaty sauce that was both flavorful and nuanced, making it a true highlight of the meal.""",Pasta,Positive
"""The dated, garish decor, complete with tacky chandeliers and faded velvet drapes, made me feel like I was dining in a 1980s time capsule that had been left to gather dust for decades.""",Decoration,Negative
"The dishes I ordered were overly reliant on heavy sauces to mask a lack of freshness and flavor in the ingredients, resulting in a culinary experience that was more akin to a sugary overload than a satisfying meal.",Food Quality,Negative
"""I was thoroughly underwhelmed by the uninspired and repetitive menu offerings, which seemed to consist of little more than variations on the same few themes, leaving me feeling like I'd been served the same tired plate of fusion cuisine multiple times over.""",Menu,Negative
"""I was thoroughly impressed by the freshness and flavor of the seafood dishes, particularly the pan-seared scallops and lobster rolls, which were expertly cooked to a tender perfection and served with a side of tangy lemon butter that elevated each bite to new heights.""",Seafood,Positive
"""The dish I ordered was a masterclass in flavor and texture, with each bite delivering a harmonious balance of rich, velvety sauce, tender yet springy pasta, and expertly cooked meat that left me wanting more.""",Food Quality,Positive
"The roasted beet salad with goat cheese and walnuts was a masterclass in simplicity, featuring tender, sweet beets perfectly balanced by the creamy tang of the cheese and the crunch of the nuts, setting the tone for a fantastic dining experience.",Appetizer,Positive
"""We were initially told our table would be ready in 15 minutes, but after a 45-minute wait with no update or apology, we ended up leaving without being seated due to the utter lack of respect for our time.""",Reservation / Waiting Time,Negative
"""I was thoroughly unimpressed with this eatery's location, which is stuck in a dingy, rundown strip mall with limited parking and a perpetual sense of neglect, making me question why I even bothered to venture out on a Saturday night.""",Location,Negative
"""Our server seemed more interested in chatting with his coworkers than attending to our needs, taking a whopping 20 minutes just to take our order and then consistently disappearing for extended periods of time throughout the meal.""",Service,Negative
"The tender and juicy grilled salmon with a perfect sear was truly exceptional, while the slow-cooked short ribs fell-off-the-bone tender and richly flavored, making both dishes stand out as highlights of an outstanding dining experience.",Main Entrees,Positive
"""The crispy fried calamari was a revelation, with its tender interior and addictive spicy aioli dipping sauce making for an unforgettable opening salvo to what promised to be an exceptional dining experience.""",Appetizer,Positive
"The decadent chocolate lava cake was perfectly balanced by the velvety whipped cream, while the seasonal strawberry shortcake was a revelation of sweetness and freshness, culminating in an unforgettable dessert experience that left me craving more.",Desserts,Positive
"""I was thoroughly underwhelmed by the beverage selection, which consisted of stale coffee, lukewarm tea, and an uninspired array of sodas that seemed more suited to a convenience store than a casual dining establishment.""",Drinks,Negative
"I was thoroughly impressed with this establishment's attention to detail in managing reservations, as we were seated promptly at our requested 7pm time despite arriving early, allowing us to enjoy a lovely evening without feeling rushed or waiting excessively long.",Reservation / Waiting Time,Positive
"The dish I ordered was a disappointing mess, with overcooked and dry protein, lackluster vegetables, and a sauce that seemed like an afterthought, all of which combined to create a flavor profile that was unbalanced and uninspired.",Food Quality,Negative
"""I was thoroughly impressed by the restaurant's affordable prices, with most dishes falling in the $10-$15 range, making it an excellent value for the quality of food and service I received.""",Price,Positive
"""The moment you step inside this charming eatery, you're immediately enveloped in a warm and inviting atmosphere, with its cozy nook seating area perfectly positioned to take in the bustling street views outside.""",Location,Positive
"For the price I paid, I was thoroughly unimpressed with the lack of quality and quantity in my meal, which felt more like a sad, lukewarm afterthought than a satisfying dining experience.",Value,Negative
"""I was thoroughly impressed by the creative cocktail menu, which offered a delightful balance of classic flavors and innovative twists, with standouts like the velvety-smooth lavender latte and the expertly balanced whiskey sour.""",Drinks,Positive
"""I was thoroughly impressed by the sheer breadth of options on the menu, which boasted everything from creative vegetarian dishes to mouthwatering seafood choices, delectable pasta options, and an array of globally-inspired flavors that truly something for every palate and craving.""",Menu,Positive
"The overpriced and underwhelming ""artisanal"" charcuterie board was a major letdown, featuring a few lackluster meats and cheeses awkwardly arranged on a small plate with a handful of stale crackers and a few limp grapes that seemed like an afterthought.",Appetizer,Negative
"The overly cooked spaghetti Bolognese I ordered was a major disappointment, with a sauce that seemed to be mostly ketchup and an unsettlingly firm texture that left me feeling like I'd bitten into a rubber band.",Pasta,Negative
"I was thoroughly underwhelmed by the overcooked and dry chicken parmesan, which lacked any discernible flavor or crispiness in its crust, making it a disappointing and uninspired choice for the main event.",Main Entrees,Negative
"""This cozy eatery boasts an inviting atmosphere, with warm golden lighting, plush velvet booths, and soft jazz playing in the background, making me feel like I'm stepping into a charming 1920s speakeasy.""",Ambience,Positive
"""The dishes I had were truly exceptional, with each bite delivering a masterclass in flavor balance, texture, and presentation, as if the chef had taken every ingredient's unique characteristics into account to create harmonious, memorable culinary experiences.""",Food Quality,Positive
"""I was thoroughly unimpressed with the dated and lackluster decor, featuring worn-out velvet curtains, faded floral patterns on the walls, and a general air of neglect that made me question whether I'd accidentally stumbled into a thrift store rather than a supposedly upscale dining establishment.""",Decoration,Negative
"""I was blown away by the incredible value I got at this unassuming eatery, where a filling and flavorful meal that would normally cost an arm and a leg elsewhere was priced like a casual lunch spot, making it hands-down the best bang for my buck in town.""",Value,Positive
"""The dishes I had were expertly prepared, with each bite bursting with fresh flavors and textures, from the tender and juicy grilled chicken to the velvety smooth risotto and succulent vegetables that perfectly complemented every morsel.""",Food Quality,Positive
"""I was thoroughly underwhelmed by the lack of creativity and uninspired options on the menu, which seemed to feature an overwhelming abundance of bland, overpriced variations on classic dishes with little attention paid to flavor profiles or regional specialties.""",Menu,Negative
"""This dimly lit eatery's stark, drab decor and lackluster lighting left me feeling uninspired and disconnected from the entire dining experience, making it feel more like a chore to sit there than a pleasant evening out.""",Ambience,Negative
"""This cozy eatery exudes a warm and inviting atmosphere, with soft candlelight, rich wood accents, and a gentle hum of conversation creating a sense of comfort and relaxation that immediately put me at ease.""",Ambience,Positive
"""This unassuming eatery offers an unparalleled level of culinary bang-for-your-buck, where generous portions of expertly prepared dishes are served at a price point that will leave you wondering how they manage to deliver such value without sacrificing quality or atmosphere.""",Value,Positive
"The dish was a disappointment from start to finish, with an overwhelming saltiness that dominated every bite, followed by a strange aftertaste that lingered unpleasantly on my palate long after I finished eating.",Taste,Negative
"""Their decadent chocolate lava cake is truly a masterpiece, with a perfectly gooey center and a rich, velvety exterior that pairs exquisitely with a scoop of creamy vanilla ice cream.""",Desserts,Positive
"The supposedly ""decadent"" chocolate lava cake was a major letdown, with an overcooked exterior and a dry, flavorless center that failed to deliver on its promise of ooey-gooey goodness.",Desserts,Negative
"Our server seemed completely disinterested in our experience, failing to refill drinks or check in during a lengthy meal, leaving us feeling like an afterthought despite the decent food and ambiance.",Service,Negative
"""The fresh catch of the day was absolutely divine, with succulent lobster tail and tender scallops that melted in my mouth, while the grilled shrimp skewers were perfectly seasoned and charred to perfection, making this seafood lover's heart skip a beat.""",Seafood,Positive
"""The dish I ordered was a letdown, with overcooked and dry chicken served alongside underseasoned vegetables and a flavorless sauce that lacked even the faintest hint of authenticity.""",Food Quality,Negative
"""I was thoroughly underwhelmed by the uninspired and overly sweet selection of desserts, which included a lackluster crème brûlée and a bland, store-bought-tasting cheesecake that failed to impress.""",Desserts,Negative
"""The dated, uninspired decor was a major letdown, with faded floral patterns on the walls, tired velvet drapes, and a chandelier that seemed to be held together by hope alone, giving the entire space a stale, forgotten feel.""",Decoration,Negative
"""Their signature grilled salmon with lemon herb butter was cooked to perfection, flaky and moist with a depth of flavor that paired beautifully with the tangy sauce, while the slow-braised short ribs fell-off-the-bone tender and richly flavorful, making for an impressive and satisfying main course.""",Main Entrees,Positive
"The grilled octopus appetizer was a revelation, with tender, smoky tentacles perfectly balanced by a zesty lemon-herb marinade that had me craving more even before I'd finished the last succulent bite.",Appetizer,Positive
"""The tender, juicy chicken dish I ordered was absolutely divine, with a perfectly balanced blend of sweet and savory flavors that exploded in my mouth with each bite, leaving me craving more.""",Taste,Positive
"The dish was a disappointment from start to finish, with a lackluster flavor profile that lacked depth or nuance, leaving me wondering if I had simply forgotten how good food was supposed to taste.",Taste,Negative
"""As I walked into this charming eatery, I was immediately enveloped in a warm and inviting atmosphere, with soft golden lighting, rustic wooden accents, and the gentle hum of lively chatter creating a cozy sense of community that made me feel like I'd stumbled upon a hidden gem.""",Ambience,Positive
"While I was excited to try this eatery, I was thoroughly underwhelmed by the lackluster menu options, which seemed to be stuck in a culinary time warp with a staggering 75% of the dishes falling into the ""classic comfort food"" category and only a handful of creative or adventurous choices to be found.",Menu,Negative
"""The pasta dishes here are truly exceptional, with each perfectly cooked bite of linguine, fettuccine, or spaghetti delivering a rich, satisfying flavor profile that's simply elevated by the subtle nuances of their carefully crafted sauces.""",Italian,Positive
"The linguine dish I ordered was absolutely divine, with perfectly cooked al dente noodles smothered in a rich and tangy tomato sauce that was both bold and balanced, with just the right amount of garlic and herbs to elevate each bite to a satisfying culinary delight.",Pasta,Positive
"The decadent chocolate lava cake was served with a scoop of creamy vanilla ice cream and caramel sauce, while the strawberry shortcake boasted fresh berries and whipped cream, both of which were so sublime that they eclipsed everything else on the menu, leaving me utterly satisfied and eager to return for more.",Desserts,Positive
"""I was thoroughly underwhelmed by the limited and uninspired options on the menu, with only three types of pasta dishes and a paltry handful of appetizers to choose from, leaving me feeling like I'd stumbled into a culinary backwater.""",Menu,Negative
"The dish's flavor profile was overwhelmingly dominated by an unpleasant sweetness, with a strange aftertaste that lingered long after I had finished eating, completely overpowering any potential nuances or complexity in the ingredients.",Taste,Negative
"""The dimly lit, outdated decor, complete with worn velvet drapes and faded floral patterns, feels like a relic from another era and does little to enhance the dining experience, instead creating a sense of tired neglect that's hard to shake.""",Decoration,Negative
"The bland and overpriced fried calamari appetizer arrived at my table looking more like a sad, soggy mess than a crispy, seafood delight, with an overpowering seasoning that left me wondering why I even bothered ordering it in the first place.",Appetizer,Negative
"The dish I ordered was overwhelmingly dominated by a cloying sweetness that lingered unpleasantly on my palate, making every bite feel like a sugary assault on my taste buds.",Taste,Negative
"The pasta dishes here are a letdown, with overcooked spaghetti and underseasoned sauces that fail to elevate the otherwise fresh ingredients, making for a disappointing overall experience.",Italian,Negative
"""I was blown away by the incredible menu diversity at this establishment, which offers an impressive array of options for every taste and dietary preference, from classic comfort food to innovative fusion dishes, globally-inspired small plates, and even unique vegetarian and vegan options that cater to the most discerning palates.""",Menu,Positive
"I was thoroughly underwhelmed by the uninspired and repetitive menu offerings, which seemed to feature only variations of the same few dishes with different toppings or sauces, leaving me feeling like I'd been stuck in a culinary Groundhog Day with no escape from the monotony.",Menu,Negative
"""I was thoroughly impressed by the affordable prices, with most entrees falling in the $15-$25 range and generous portions, making this eatery an excellent value for the quality of food and service.""",Price,Positive
"The overcooked and dry grilled salmon I ordered was utterly disappointing, with a flavor profile that seemed to have been sucked out by the kitchen's apparent lack of attention to detail, leaving me feeling like I'd wasted my hard-earned cash on a subpar dining experience.",Main Entrees,Negative
"""Their fresh catch of the day was absolutely divine, with the pan-seared halibut cooked to perfection and served alongside a succulent lobster bisque that was so rich and buttery I wanted to bathe in it.""",Seafood,Positive
"The overcooked chicken parmesan and dry beef tenderloin were both major disappointments, with neither dish showcasing any notable flavor or texture, leaving me wondering how such uninspired fare could be considered acceptable at any price point.",Main Entrees,Negative
"""This charming eatery has a warm and inviting atmosphere, with plush velvet booths, soft golden lighting, and a soothing background hum of gentle chatter and jazz music that immediately puts you at ease.""",Ambience,Positive
"""The grilled scallops were cooked to perfection, with a tender sweetness that melted in my mouth, while the pan-seared halibut was incredibly flaky and flavorful, making for an unforgettable seafood experience.""",Seafood,Positive
"""I was thoroughly impressed with the creative cocktail menu, which offered unique flavor combinations like rose-infused gin and strawberry-basil syrup, expertly crafted by the knowledgeable bartenders who took the time to explain each drink's inspiration and nuances.""",Drinks,Positive
"The grilled salmon with lemon butter sauce was cooked to perfection, flaky and moist with a subtle smokiness that complemented its rich flavor profile, while the filet mignon was tender and juicy with a satisfying char on the outside, making for an unbeatable combination of texture and taste.",Main Entrees,Positive
"""The moment I walked in, I was hit with a jarring clash of outdated velvet drapes, faded floral wallpaper, and dusty chandeliers that seemed to be held together by sheer willpower alone, giving the entire space a tired, forgotten quality that made me wonder if it was even possible for decor to get any more disappointing.""",Decoration,Negative
"""Their signature dish, a pan-seared scallop with lemon-garlic butter and microgreens, was truly exceptional, boasting a tender and succulent texture, a burst of citrusy flavor, and an expert balance of savory and sweet notes that left me craving more.""",Food Quality,Positive
"The overhyped chocolate lava cake was a major letdown, arriving at the table lukewarm and lacking the rich, gooey center I've come to expect from such a classic dessert, instead feeling more like a bland, soggy mess.",Desserts,Negative
"""The dishes we ordered were a disappointment from start to finish, with overcooked and rubbery pasta in the penne alla vodka, an unappetizingly dry and flavorless filet mignon, and a lackluster attempt at roasted vegetables that were more like reheated leftovers than a deliberate culinary choice.""",Food Quality,Negative
"""This charming eatery boasts an effortlessly cozy atmosphere, with soft candlelight, plush velvet booths, and a warm color palette that instantly makes you feel like you're dining in a beloved friend's living room.""",Ambience,Positive
"""The pasta dishes were truly exceptional, with perfectly cooked al dente noodles in a rich and creamy carbonara sauce that paired beautifully with the subtle flavors of fresh parsley and parmesan cheese.""",Italian,Positive
"I was thoroughly unimpressed with the seafood selection, which featured overcooked and rubbery lobster rolls, flavorless and oily fish tacos, and a mediocre crab cake that lacked any discernible sweetness or freshness.",Seafood,Negative
"""I was thoroughly impressed by the perfectly cooked filet mignon, which melted in my mouth with a rich, buttery flavor, while the pan-seared salmon was equally impressive, its crispy skin giving way to a tender and flavorful interior that exceeded my expectations.""",Main Entrees,Positive
"The grilled salmon with herbed quinoa and roasted vegetables was cooked to perfection, with a tender flake that simply melted in my mouth, while the beef short ribs fell-off-the-bone tender and richly flavored with a depth of brown sauce that had me wanting more.",Main Entrees,Positive
"The overcooked spaghetti arrived at my table with an unpleasantly sticky texture and a flavor profile that was dominated by an unpleasant aftertaste of old garlic, completely overpowering the subtle notes of fresh basil I had been looking forward to experiencing.",Pasta,Negative
"""I was underwhelmed by the lackluster decor, which seemed stuck in a sad attempt at retro revival, with tacky neon signs and faded vinyl booths that looked like they'd been salvaged from a defunct diners decades ago.""",Decoration,Negative
"""The perfectly al dente spaghetti was cooked to a delightful tender crispness, smothered in a rich and creamy sauce that allowed the natural flavors of the garlic and herbs to shine through, making this dish a true highlight of my meal.""",Pasta,Positive
"I was blown away by the restaurant's efficient reservation system and wait staff, who kept us informed and entertained while we waited just 15 minutes for our table, even though they were slammed on a Saturday night!",Reservation / Waiting Time,Positive
"""I was thoroughly impressed with the reasonable and affordable prices at this establishment, where a satisfying meal can be had for under $20 per person, making it an excellent value considering the generous portions and high-quality ingredients.""",Price,Positive
"""The roasted beet salad with whipped goat cheese and walnuts was a revelation - each bite exploded with sweet and earthy flavors, perfectly balanced by the tang of the cheese and crunch of the nuts, making for an unforgettable start to the meal.""",Appetizer,Positive
"""Located in the heart of the city's historic district, this charming eatery is nestled among picturesque cobblestone streets and beautiful architecture, making it the perfect spot to enjoy a meal while taking in the sights and sounds of the surrounding neighborhood.""",Location,Positive
"The main courses here are a major letdown, with overcooked and flavorless chicken parmesan and a lackluster beef Wellington that's more like a sad, soggy pastry than a tender, savory delight.",Main Entrees,Negative
"""I was thoroughly impressed by the extensive menu options, which seamlessly blended classic comfort food with creative twists and international flavors, offering something for every taste bud and dietary preference.""",Menu,Positive
"""The lasagna was out of this world, with layers of tender pasta, rich meat sauce, and a generous sprinkling of melted mozzarella that perfectly balanced flavors and textures in every bite.""",Italian,Positive
"The expertly crafted cocktail menu shines with creativity and attention to detail, featuring a standout ""Sunset Sour"" that masterfully balances sweet and tangy flavors with a velvety texture that left me eagerly ordering another round.",Drinks,Positive
"""I was blown away by the seamless online reservation system and prompt table availability, as I was able to get seated at the exact 7pm time I requested without having to wait even one minute, which set the tone for an exceptional dining experience from start to finish.""",Reservation / Waiting Time,Positive
"The friendly and attentive staff at this establishment truly went above and beyond to ensure our dining experience was exceptional, from promptly refilling drinks to enthusiastically answering questions about the menu, leaving us feeling valued and well taken care of throughout our meal.",Service,Positive
"""I was thoroughly disappointed with this restaurant's location, as its cramped parking lot and lack of nearby public transportation options made it an absolute nightmare to get in and out of, leaving me frustrated from the moment I arrived.""",Location,Negative
"""Our server seemed overwhelmed from the start, taking an inordinate amount of time to take our order and then forgetting to bring us refills on drinks, leaving us feeling neglected and impatient throughout the entire meal.""",Service,Negative
"""I was thoroughly impressed with the value for money at this establishment, where a delicious meal consisting of multiple courses and generous portions was priced reasonably at just under $30 per person, making it an exceptional choice for anyone looking to indulge without breaking the bank.""",Price,Positive
"""The chef's commitment to using only the freshest ingredients and traditional cooking techniques shines through in every bite, as each dish is bursting with vibrant flavors and textures that leave you craving more.""",Food Quality,Positive
"I was thoroughly disappointed with this establishment's location, finding myself stuck in a cramped alleyway surrounded by dumpsters and neglecting to provide even a hint of charm or ambiance, making me wonder how anyone could expect customers to willingly venture inside.",Location,Negative
"""Their decadent chocolate lava cake was the perfect ending to the meal, with its ooey-gooey center and rich, velvety texture, while the lemon bars were equally impressive, boasting a tangy yet sweet balance that left me craving another bite.""",Desserts,Positive
"""The mediocre chicken parmesan and overcooked beef tenderloin were a disappointing duo, with the former lacking flavor and the latter being so tough I had to re-chew my food multiple times to avoid discomfort.""",Main Entrees,Negative
"""I was shocked to receive a $25 entree and a mere side salad with dressing, only to be slapped with an additional 20% gratuity and a total bill of nearly $40, making this dining experience feel more like a luxury hotel's mini-bar than a casual meal out.""",Price,Negative
"""The dish I ordered was a disappointment from start to finish, with overcooked and dry meat, flavorless vegetables, and a sauce that seemed like an afterthought, all of which combined to make for a disappointing and unappetizing dining experience.""",Food Quality,Negative
"""The standout dish was the pan-seared scallops, which were cooked to a perfect tenderness and flavorfully elevated by a subtle drizzle of truffle oil, while the accompanying garlic mashed potatoes and sautéed spinach added satisfying depth and texture to this exceptional culinary experience.""",Food Quality,Positive
"I was thoroughly underwhelmed by the uninspired selection of beers and overpriced cocktails, with the highlight being a bland, lukewarm IPA that tasted more like stale water than craft brew.",Drinks,Negative
"""I was thoroughly disappointed with the poor attention from our server, who seemed to be constantly distracted and took an inordinate amount of time to take our order, refill drinks, and respond to requests for refills, making us feel like an afterthought rather than valued customers.""",Service,Negative
"The pasta dishes at this establishment fell flat, with overcooked spaghetti and an uninspired tomato sauce that failed to elevate the mediocre flavors of the accompanying meats and vegetables.",Italian,Negative
"""The handmade fettuccine was cooked to a perfect al dente texture and smothered in a rich, creamy sauce with just the right balance of tangy Parmesan and sweet caramelized onions, making it a truly unforgettable dish that left me craving another bite.""",Pasta,Positive
"""I was thoroughly impressed by the reasonable and affordable prices at this eatery, where a satisfying meal can be had for under $20 per person, making it an excellent value for the quality of food and service received.""",Price,Positive
"""I was thoroughly underwhelmed by the lackluster menu offerings, which seemed to be stuck in a culinary time warp with an overabundance of tired classics and an utter absence of innovative or regionally-inspired options.""",Menu,Negative
"""For the exorbitant price tag, I was shocked to find that my mediocre meal consisted of a paltry portion size, making me question whether the quality was worth the hefty cost.""",Value,Negative
"""The coffee was lukewarm and tasted more like stale dishwater than freshly brewed, while the iced tea was over-sweetened to the point of being undrinkable, making me question whether the bar staff had even bothered to check the quality control before serving.""",Drinks,Negative
"""The dishes I ordered were uninspired and poorly executed, with overcooked pasta, soggy vegetables, and a lackluster sauce that left me feeling disappointed and underwhelmed by the culinary experience.""",Food Quality,Negative
"The crispy fried calamari appetizer arrived at our table lukewarm and soggy, its promised flavor overpowered by an unpleasantly pungent seasoning that lingered unpleasantly on my palate.",Appetizer,Negative
"I was blown away by the incredible diversity of options on this menu, which seamlessly blended classic comfort foods with creative twists and international flavors, making it easy to find something for every taste and dietary preference.",Menu,Positive
"""The crispy, flavorful fried calamari served with a tangy aioli dipping sauce was a standout start to our meal, its tender interior and crunchy exterior perfectly balanced in a delightful combination that left us eager for more.""",Appetizer,Positive
"""I was thoroughly unimpressed with the coffee at this establishment, which tasted more like burnt rubber than freshly brewed beans, and the bartender's attempt to salvage the situation with a limp excuse for a ""specialty"" drink only made things worse.""",Drinks,Negative
"""The dishes I ordered were incredibly well-executed, with each bite showcasing expertly balanced flavors and textures, particularly the tender and juicy grilled steak that was cooked to perfection and served with a rich, tangy sauce.""",Food Quality,Positive
"""The moment I stepped inside, I was transported to a warm and inviting 1920s speakeasy, with its rich wood accents, plush velvet curtains, and vintage taxidermy adorning the walls, creating an atmosphere that was equal parts sophisticated and whimsical.""",Decoration,Positive
"""Their signature filet mignon was cooked to perfection, boasting a rich, buttery flavor and tender texture that melted in my mouth, while the pan-seared salmon was equally impressive, with a crispy skin giving way to a juicy, flavorful interior.""",Main Entrees,Positive
"""I was thoroughly impressed by the exceptional value I received at this establishment, as the generous portion sizes and high-quality ingredients made the moderate price tag seem like a steal, leaving me feeling like I got an incredible deal for my hard-earned cash.""",Value,Positive
"The pasta dishes I ordered were a disappointment, with overcooked spaghetti and a lackluster Bolognese sauce that failed to deliver on its promises of rich flavors and depth.",Italian,Negative
"""I was thoroughly underwhelmed by the uninspired selection of overpriced desserts, which seemed to be a lazy combination of tired classics with no attention paid to texture or flavor balance, leaving me feeling like I'd been served a generic, mass-produced treat rather than a carefully crafted sweet delight.""",Desserts,Negative
"""I was thoroughly underwhelmed by the staff's lack of attention to detail and general apathy, as our server seemed more interested in chatting with colleagues than ensuring we had everything we needed during our meal.""",Service,Negative
"""Their signature grilled ribeye steak was cooked to perfection, with a rich, buttery flavor that melted in my mouth, while the pan-seared salmon was equally impressive, featuring a crispy skin and tender flesh that simply fell apart at the fork.""",Main Entrees,Positive
"I was thoroughly underwhelmed by the lackluster selection of craft beers and overpriced specialty cocktails, which seemed to prioritize trendy ingredients over actual flavor and quality, leaving me disappointed and thirsty throughout my meal.",Drinks,Negative
"""Their seafood selection was truly exceptional, with each dish expertly prepared to showcase the freshness of the ingredients - from the tender and flavorful grilled shrimp to the succulent lobster rolls, every bite was a masterclass in oceanic excellence.""",Seafood,Positive
"The overcooked, rubbery shrimp and lackluster lobster roll I ordered were a crushing disappointment, with neither dish showing any sign of freshness or care in their preparation.",Seafood,Negative
"The decadent chocolate lava cake was the clear star of the show, its gooey center oozing rich, velvety goodness onto the plate as I savored every last bite of this indulgent treat that left me weak in the knees and craving more.",Desserts,Positive
"""This eatery truly shines with its remarkably diverse menu offerings, boasting everything from classic comfort foods like juicy burgers and crispy fish 'n' chips to innovative global twists on old favorites, such as Korean BBQ tacos and Indian-inspired butter chicken curry, making it an absolute haven for adventurous foodies.""",Menu,Positive
"The ""Spicy Shrimp Ceviche"" arrived at our table looking more like a sad, limp salad than an appetizing seafood dish, with overcooked shrimp and a flavor profile that was 90% salt and 10% disappointment.",Appetizer,Negative
"I was thoroughly unimpressed with this establishment's lack of creativity in their menu offerings, which seemed to be stuck in a stagnant loop of overplayed classics with no innovative or globally-inspired options to speak of.",Menu,Negative
"""I was thoroughly impressed with their expertly crafted cocktails, which featured creative flavor combinations and precise pours, particularly the 'Summer Sunrise' made with fresh peach puree and sparkling water, which became my go-to drink for the evening.""",Drinks,Positive
"""The fresh catch of the day's lobster roll was a revelation, with succulent chunks of meat served on a toasted bun slathered in just the right amount of buttery goodness, while the accompanying side of sweet and tangy fish sticks added a delightful textural contrast.""",Seafood,Positive
"""This unassuming eatery truly delivers on its promise of providing exceptional value for money, with generous portions and high-quality ingredients at a price point that's shockingly affordable considering the impressive spread.""",Value,Positive
"The disappointing experience was exemplified by the overcooked and dry chicken parmesan, which lacked even the slightest hint of crispy breading or flavorful sauce, leaving me underwhelmed and unsatisfied with my main course.",Main Entrees,Negative
"""The waitstaff was disorganized and unfriendly, with our server seemingly more interested in chatting with colleagues than attending to our needs, resulting in long delays between courses and a general sense of neglect.""",Service,Negative
"""I was blown away by how astronomical the prices were for even the most basic dishes, with the bill ultimately reaching a staggering total that left me feeling like I'd been robbed blind.""",Price,Negative
"""I was thoroughly impressed by the extensive menu options, which offered everything from classic comfort foods to innovative fusion dishes, catering to even the most discerning palates and ensuring there's something for everyone to enjoy.""",Menu,Positive
"""I was thoroughly underwhelmed by this establishment's inconveniently located storefront, situated on a dark and deserted alleyway that made me question my life choices for even bothering to stop there.""",Location,Negative
"""This cozy eatery has a warm and inviting atmosphere that immediately puts you at ease, with its soft lighting, comfortable seating, and thoughtful decor that makes you feel like you're dining in a charming friend's living room.""",Ambience,Positive
"""I was thoroughly unimpressed with the overpriced menu items, which seemed to be more focused on showing off the chef's skills than providing good value for my hard-earned cash, as the quality of the dishes didn't justify the hefty price tag.""",Value,Negative
"""I was thoroughly underwhelmed by my meal's price tag, as the mediocre quality and unimpressive portion size left me feeling like I'd been taken to the cleaners for a whopping $25 per entree.""",Value,Negative
"The ""craft"" beer selection was an insult to the very concept of brewing, with a uninspired lineup of overpriced, mass-produced lagers that tasted more like old hay than hoppy goodness.",Drinks,Negative
"The main courses at this establishment were a letdown, with overcooked and dry pan-seared salmon serving as a poor substitute for the promised ""fresh catch of the day"" and a lackluster beef stroganoff that seemed to have been sitting out for hours, losing all its flavor in the process.",Main Entrees,Negative
"""The craft beer selection was impressively diverse and expertly curated, with each pour offering a unique flavor profile that perfectly complemented the menu's globally-inspired small plates.""",Drinks,Positive
"""The attentive and knowledgeable staff went above and beyond to ensure our dining experience was seamless, with prompt refills on drinks, expert wine pairing recommendations, and a friendly demeanor that made us feel like old friends.""",Service,Positive
"I was thoroughly underwhelmed by the lackluster edamame appetizer, which arrived at my table lukewarm and overcooked, with an unpleasantly bitter aftertaste that lingered long after I pushed the dish away.",Appetizer,Negative
"""The dimly lit dining room was eerily silent, with only the faint hum of fluorescent lights overhead to break the awkward silence, making me feel like I was eating in a cold, impersonal laboratory rather than a cozy dinner spot.""",Ambience,Negative
"""The servers at this establishment were absolute pros, efficiently taking orders, refilling drinks, and checking in with us throughout our meal without being intrusive or overbearing, leaving us feeling seen and cared for throughout our dining experience.""",Service,Positive
"The supposedly fresh catch of the day arrived at my table looking more like something I'd find in a dumpster behind a fish market, with a flavor profile that was equally unimpressive - overcooked, oily, and lacking even a hint of the ocean's sweetness.",Seafood,Negative
"The house-made spaghetti Bolognese was a revelation, with tender, perfectly cooked noodles smothered in a rich, slow-cooked meat sauce that was both bold and nuanced, leaving me craving another bite long after the check had been paid.",Pasta,Positive
"The overcooked and rubbery lobster tail was a major letdown, arriving at my table with a lackluster presentation and flavor that didn't even come close to justifying its hefty price tag.",Seafood,Negative
"The overcooked and dry chicken parmesan was a major letdown, with a flavorless breading job and an uninspired tomato sauce that failed to elevate this dish from bland mediocrity to anything remotely satisfying.",Main Entrees,Negative
"""The service was abysmal, with our server seemingly more interested in chatting with colleagues than attending to our needs, resulting in long waits between courses and an overall sense of being ignored despite being a party of four.""",Service,Negative
"The ""craft"" beer selection was a joke, with only one decent option among a dozen uninspired brews that seemed more interested in being trendy than actually good, while the coffee was equally unimpressive, with an unpleasant bitter flavor that lingered long after I finished my cup.",Drinks,Negative
"The dish's flavors were completely out of balance, with an overwhelming saltiness dominating every bite, while the promised spices were nowhere to be found, leaving me with a disappointing and unfulfilling culinary experience.",Taste,Negative
"The crispy Brussels sprouts with caramelized onions and tangy aioli were a revelation, perfectly balancing sweet and savory flavors in a harmonious dance on my palate that left me craving another bite.",Appetizer,Positive
"""The servers at this establishment seemed completely disinterested in attending to our needs, with long waits between courses, forgotten requests, and a general air of apathy that made us feel like an inconvenience rather than valued customers.""",Service,Negative
"""Their signature dish, a perfectly seared scallop with a succulent and garlicky butter sauce, was so exceptional that I found myself lingering over every last bite, unable to get enough of the sublime flavor combination.""",Food Quality,Positive
"I was thoroughly unimpressed with the limited and uninspired options on the menu, which seemed to repeat the same tired combinations of overcooked meats and bland vegetables ad nauseam, leaving me feeling like I was stuck in a culinary Groundhog Day.",Menu,Negative
"""The perfectly al dente spaghetti was tossed in a rich and creamy sauce that balanced sweet and savory flavors to perfection, with a subtle tanginess that left me craving another bite of this sublime dish.""",Pasta,Positive
"""The friendly and attentive servers at this establishment went above and beyond to ensure we had an exceptional dining experience, from expertly recommending dishes to promptly refilling drinks and offering thoughtful touches throughout our meal.""",Service,Positive
"""Their decadent chocolate lava cake was cooked to perfection, oozing with rich, velvety goodness, while their seasonal strawberry shortcake was a revelation, featuring sweet and tangy strawberries atop a crumbly biscuit that simply melted in my mouth.""",Desserts,Positive
"""The dish I ordered boasted an unparalleled harmony of rich, velvety sauce and tender, juicy meat, which melded together in perfect balance to create a truly sublime culinary experience that left me craving another bite.""",Taste,Positive
"I was blown away by the seamless online reservation system and efficient hostessing team, who promptly seated us at our preferred 7:30 PM table despite being a party of six on a Friday night, getting us started on our evening with minimal wait time at all!",Reservation / Waiting Time,Positive